gene1	gene2	chromosome1	chromosome2	breakpoint1	breakpoint2	fusion_strand1	fusion_strand2	gene_strand1	gene_strand2	type	site1	site2	transcript_id1	transcript_id2	reading_frame	id	protein_id	protein_id_right	retained_peptide1	lost_peptide1	retained_peptide2	lost_peptide2
BSG	NFIX	19	19	580782	13025021	+	+	+	+	deletion	CDS/splice-site	CDS/splice-site	ENST00000545507	ENST00000592199	in-frame	1	ENSP00000473664	ENSP00000467512	MGTANIQLHGPPRVKAVKSSEHINEGETAMLVCKSESVPPVTDWAWYKITDSEDK	ALMNGSESRFFVSSSQGRSELHIENLNMEADPGQYRCNGTSSKGSDQAIITLRVRSHLAALWPFLGIVAEVLVLVTIIFIYEKRRKPEDVLDDDDAGSAPLKSSGQHQNDKGKNVRQRNSS	MYSPYCLTQD	EFHPFIEALLPHVRAFSYTWFNLQARKRKYFKKHEKRMSKDEERAVKDELLGEKPEIKQKWASRLLAKLRKDIRPEFREDFVLTITGKKPPCCVLSNPDQKGKIRRIDCLRQADKVWRLDLVMVILFKGIPLESTDGERLYKSPQCSNPGLCVQPHHIGVTIKELDLYLAYFVHTPESGQSDSSNQQGDADIKPLPNGHLSFQDCFVTSGVWNVTELVRVSQTPVATASGPNFSLADLESPSYYNINQVTLGRRSITSPPSTSTTKRPKSIDDSEMESPVDDVFYPGTGRSPAAGSSQSSGWPNDVDAGPASLKKSGKLDFCSALSSQGSSPRMAFTHHPLPVLAGVRPGSPRATASALHFPSTSIIQQSSPYFTHPTIRYHHHHGQDSLKEFVQFVCSDGSGQATGQPNGSGQGKVPGSFLLPPPPPVARPVPLPMPDSKSTSTAPDGAALTPPSPSFATTGASSANRFVSIGPRDGNFLNIPQQSQSWFL
BRWD1	TEKT4P2	21	21	39293811	9077714	-	-	-	-	deletion	CDS/splice-site	intron	ENST00000333229	.	out-of-frame	2	ENSP00000330753		MAEPSSARRPVPLIESELYFLIARYLSAGPCRRAAQVLVQELEQYQLLPKRLDWEGNEHNRSYEELVLSNKHVAPDHLLQICQRIGPMLDKEIPPSISRVTSLLGAGRQSLLRTAKDCRHTVWKGSAFAALHRGRPPEMPVNYGSPPNLVEIHRGKQLTGCSTFSTAFPGTMYQHIKMHRRILGHLSAVYCVAFDRTGHRIFTGSDDCLVKIWSTHNGRLLSTLRGHSAEISDMAVNYENTMIAAGSCDKIIRVWCLRTCAPVAVLQGHTGSITSLQ	FSPMAKGSQRYMVSTGADGTVCFWQWDLESLKFSPRPLKFTEKPRPGVQMLCSSFSVGGMFLATGSTDHVIRMYFLGFEAPEKIAELESHTDKVDSIQFCNNGDRFLSGSRDGTARIWRFEQLEWRSILLDMATRISGDLSSEEERFMKPKVTMIAWNQNDSIVVTAVNDHVLKVWNSYTGQLLHNLMGHADEVFVLETHPFDSRIMLSAGHDGSIFIWDITKGTKMKHYFNMIEGQGHGAVFDCKFSQDGQHFACTDSHGHLLIFGFGCSKPYEKIPDQMFFHTDYRPLIRDSNNYVLDEQTQQAPHLMPPPFLVDVDGNPHPTKYQRLVPGRENSADEHLIPQLGYVATSDGEVIEQIISLQTNDNDERSPESSILDGMIRQLQQQQDQRMGADQDTIPRGLSNGEETPRRGFRRLSLDIQSPPNIGLRRSGQVEGVRQMHQNAPRSQIATERDLQAWKRRVVVPEVPLGIFRKLEDFRLEKGEEERNLYIIGRKRKTLQLSHKSDSVVLVSQSRQRTCRRKYPNYGRRNRSWRELSSGNESSSSVRHETSCDQSEGSGSSEEDEWRSDRKSESYSESSSDSSSRYSDWTADAGINLQPPLRTSCRRRITRFCSSSEDEISTENLSPPKRRRKRKKENKPKKENLRRMTPAELANMEHLYEFHPPVWITDTTLRKSPFVPQMGDEVIYFRQGHEAYIEAVRRNNIYELNPNKEPWRKMDLRDQELVKIVGIRYEVGPPTLCCLKLAFIDPATGKLMDKSFSIRYHDMPDVIDFLVLRQFYDEARQRNWQSCDRFRSIIDDAWWFGTVLSQEPYQPQYPDSHFQCYIVRWDNTEIEKLSPWDMEPIPDNVDPPEELGASISVTTDELEKLLYKPQAGEWGQKSRDEECDRIISGIDQLLNLDIAAAFAGPVDLCTYPKYCTVVAYPTDLYTIRMRLVNRFYRRLSALVWEVRYIEHNARTFNEPESVIARSAKKITDQLLKFIKNQHCTNISELSNTSENDEQNAEDLDDSDLPKTSSGRRRVHDGKKSIRATNYVESNWKKQCKELVNLIFQCEDSEPFRQPVDLVEYPDYRDIIDTPMDFGTVRETLDAGNYDSPLEFCKDIRLIFSNAKAYTPNKRSKIYSMTLRLSALFEEKMKKISSDFKIGQKFNEKLRRSQRFKQRQNCKGDSQPNKSIRNLKPKRLKSQTKIIPELVGSPTQSTSSRTAYLGTHKTSAGISSGVTSGDSSDSAESSERRKRNRPITNGSTLSESEVEDSLATSLSSSASSSSEESKESSRARESSSRSGLSRSSNLRVTRTRAAQRKTGPVSLANGCGRKATRKRVYLSDSDNNSLETGEILKARAGNNRKVLRKCAAVAANKIKLMSDVEENSSSESVCSGRKLPHRNASAVARKKLLHNSEDEQSLKSEIEEEELKDENQLLPVSSSHTAQSNVDESENRDSESESDLRVARKNWHANGYKSHTPAPSKTKFLKIESSEEDSKSHDSDHACNRTAGPSTSVQKLKAESISEEADSEPGRSGGRKYNTFHKNASFFKKTKILSDSEDSESEEQDREDGKCHKMEMNPISGNLNCDPIAMSQCSSDHGCETDLDSDDDKIEKPNNFMKDSASQDNGLSRKISRKRVCSSDSDSSLQVVKKSSKARTGLLRITRRCAATAANKIKLMSDVEDVSLENVHTRSKNGRKKPLHLACTTAKKKLSDCEGSVHCEVPSEQYACEGKPPDPDSEGSTKVLSQALNGDSDSEDMLNSEHKHRHTNIHKIDAPSKRKSSSVTSSGEDSKSHIPGSETDRTFSSESTLAQKATAENNFEVELNYGLRRWNGRRLRTYGKAPFSKTKVIHDSQETAEKEVKRKRSHPELENVKISETTGNSKFRPDTSSKSSDLGSVTESDIDCTDNTKTKRRKTKGKAKVVRKEFVPRDREPNTKVRTCMHNQKDAVQMPSETLKAKMVPEKVPRRCATVAANKIKIMSNLKETISGPENVWIRKSSRKLPHRNASAAAKKKLLNVYKEDDTTINSESEKELEDINRKMLFLRGFRSWKENAQ	.	.
NOTCH1	NUP214	9	9	136544024	131187289	-	+	-	+	inversion	CDS/splice-site	CDS/splice-site	ENST00000651671	ENST00000359428	in-frame	3	ENSP00000498587	ENSP00000352400	MPPLLAPLLCLALLPALAARGPRCSQPGETCLNGGKCEAANGTEACV	CGGAFVGPRCQDPNPCLSTPCKNAGTCHVVDRRGVADYACSCALGFSGPLCLTPLDNACLTNPCRNGGTCDLLTLTEYKCRCPPGWSGKSCQQADPCASNPCANGGQCLPFEASYICHCPPSFHGPTCRQDVNECGQKPGLCRHGGTCHNEVGSYRCVCRATHTGPNCERPYVPCSPSPCQNGGTCRPTGDVTHECACLPGFTGQNCEENIDDCPGNNCKNGGACVDGVNTYNCRCPPEWTGQYCTEDVDECQLMPNACQNGGTCHNTHGGYNCVCVNGWTGEDCSENIDDCASAACFHGATCHDRVASFYCECPHGRTGLLCHLNDACISNPCNEGSNCDTNPVNGKAICTCPSGYTGPACSQDVDECSLGANPCEHAGKCINTLGSFECQCLQGYTGPRCEIDVNECVSNPCQNDATCLDQIGEFQCICMPGYEGVHCEVNTDECASSPCLHNGRCLDKINEFQCECPTGFTGHLCQYDVDECASTPCKNGAKCLDGPNTYTCVCTEGYTGTHCEVDIDECDPDPCHYGSCKDGVATFTCLCRPGYTGHHCETNINECSSQPCRHGGTCQDRDNAYLCFCLKGTTGPNCEINLDDCASSPCDSGTCLDKIDGYECACEPGYTGSMCNINIDECAGNPCHNGGTCEDGINGFTCRCPEGYHDPTCLSEVNECNSNPCVHGACRDSLNGYKCDCDPGWSGTNCDINNNECESNPCVNGGTCKDMTSGYVCTCREGFSGPNCQTNINECASNPCLNQGTCIDDVAGYKCNCLLPYTGATCEVVLAPCAPSPCRNGGECRQSEDYESFSCVCPTGWQGQTCEVDINECVLSPCRHGASCQNTHGGYRCHCQAGYSGRNCETDIDDCRPNPCHNGGSCTDGINTAFCDCLPGFRGTFCEEDINECASDPCRNGANCTDCVDSYTCTCPAGFSGIHCENNTPDCTESSCFNGGTCVDGINSFTCLCPPGFTGSYCQHDVNECDSQPCLHGGTCQDGCGSYRCTCPQGYTGPNCQNLVHWCDSSPCKNGGKCWQTHTQYRCECPSGWTGLYCDVPSVSCEVAAQRQGVDVARLCQHGGLCVDAGNTHHCRCQAGYTGSYCEDLVDECSPSPCQNGATCTDYLGGYSCKCVAGYHGVNCSEEIDECLSHPCQNGGTCLDLPNTYKCSCPRGTQGVHCEINVDDCNPPVDPVSRSPKCFNNGTCVDQVGGYSCTCPPGFVGERCEGDVNECLSNPCDARGTQNCVQRVNDFHCECRAGHTGRRCESVINGCKGKPCKNGGTCAVASNTARGFICKCPAGFEGATCENDARTCGSLRCLNGGTCISGPRSPTCLCLGPFTGPECQFPASSPCLGGNPCYNQGTCEPTSESPFYRCLCPAKFNGLLCHILDYSFGGGAGRDIPPPLIEEACELPECQEDAGNKVCSLQCNNHACGWDGGDCSLNFNDPWKNCTQSLQCWKYFSDGHCDSQCNSAGCLFDGFDCQRAEGQCNPLYDQYCKDHFSDGHCDQGCNSAECEWDGLDCAEHVPERLAAGTLVVVVLMPPEQLRNSSFHFLRELSRVLHTNVVFKRDAHGQQMIFPYYGREEELRKHPIKRAAEGWAAPDALLGQVKASLLPGGSEGGRRRRELDPMDVRGSIVYLEIDNRQCVQASSQCFQSATDVAAFLGALASLGSLNIPYKIEAVQSETVEPPPPAQLHFMYVAAAAFVLLFFVGCGVLLSRKRRRQHGQLWFPEGFKVSEASKKKRREPLGEDSVGLKPLKNASDGALMDDNQNEWGDEDLETKKFRFEEPVVLPDLDDQTDHRQWTQQHLDAADLRMSAMAPTPPQGEVDADCMDVNVRGPDGFTPLMIASCSGGGLETGNSEEEEDAPAVISDFIYQGASLHNQTDRTGETALHLAARYSRSDAAKRLLEASADANIQDNMGRTPLHAAVSADAQGVFQILIRNRATDLDARMHDGTTPLILAARLAVEGMLEDLINSHADVNAVDDLGKSALHWAAAVNNVDAAVVLLKNGANKDMQNNREETPLFLAAREGSYETAKVLLDHFANRDITDHMDRLPRDIAQERMHHDIVRLLDEYNLVRSPQLHGAPLGGTPTLSPPLCSPNGYLGSLKPGVQGKKVRKPSSKGLACGSKEAKDLKARRKKSQDGKGCLLDSSGMLSPVDSLESPHGYLSDVASPPLLPSPFQQSPSVPLNHLPGMPDTHLGIGHLNVAAKPEMAALGGGGRLAFETGPPRLSHLPVASGTSTVLGSSSGGALNFTVGGSTSLNGQCEWLSRLQSGMVPNQYNPLRGSVAPGPLSTQAPSLQHGMVGPLHSSLAASALSQMMSYQGLPSTRLATQPHLVQTQQVQPQNLQMQQQNLQPANIQQQQSLQPPPPPPQPHLGVSSAASGHLGRSFLSGEPSQADVQPLGPSSLAVHTILPQESPALPTSLPSSLVPPVTAAQFLTPPSQHSYSSPVDNTPSHQLQVPEHPFLTPSPESPDQWSSSSPHSNVSDWSEGVSSPPTSMQSQIARIPEAFK	MGDEMDAMIPEREMKDFQFRALKKVRIFDSPEELPKERSSLLAVSNKYGLVFAGGASGLQIFPTKNLLIQNKPGDDPNKIVDKVQGLLVPMKFPIHHLALSCDNLTLSACMMSSEYGSIIAFFDVRTFSNEAKQQKRPFAYHKLLKDAGGMVIDMKWNPTVPSMVAVCLADGSIAVLQVTETVKVCATLPSTVAVTSVCWSPKGKQLAVGKQNGTVVQYLPTLQEKKVIPCPPFYESDHPVRVLDVLWIGTYVFAIVYAAADGTLETSPDVVMALLPKKEEKHPEIFVNFMEPCYGSCTERQHHYYLSYIEEWDLVLAASAASTEVSILARQSDQINWESWLLEDSSRAELPVTDKSDDSLPMGVVVDYTNQVEITISDEKTLPPAPVLMLLSTDGVLCPFYMINQNPGVKSLIKTPERLSLEGERQPKSPGSTPTTPTSSQAPQKLDASAAAAPASLPPSSPAAPIATFSLLPAGGAPTVFSFGSSSLKSSATVTGEPPSYSSGSDSSKAAPGPGPSTFSFVPPSKASLAPTPAASPVAPSAASFSFGSSGFKPTLESTPVPSVSAPNIAMKPSFPPSTSAVKVNLSEKFTAAATSTPVSSSQSAPPMSPFSSASKPAASGPLSHPTPLSAPPSSVPLKSSVLPSPSGRSAQGSSSPVPSMVQKSPRITPPAAKPGSPQAKSLQPAVAEKQGHQWKDSDPVMAGIGEEIAHFQKELEELKARTSKACFQVGTSEEMKMLRTESDDLHTFLLEIKETTESLHGDISSLKTTLLEGFAGVEEAREQNERNRDSGYLHLLYKRPLDPKSEAQLQEIRRLHQYVKFAVQDVNDVLDLEWDQHLEQKKKQRHLLVPERETLFNTLANNREIINQQRKRLNHLVDSLQQLRLYKQTSLWSLSSAVPSQSSIHSFDSDLESLCNALLKTTIESHTKSLPKVPAKLSPMKQAQLRNFLAKRKTPPVRSTAPASLSRSAFLSQRYYEDLDEVSSTSSVSQSLESEDARTSCKDDEAVVQAPRHAPVVRTPSIQPSLLPHAAPFAKSHLVHGSSPGVMGTSVATSASKIIPQGADSTMLATKTVKHGAPSPSHPISAPQAAAAAALRRQMASQAPAVNTLTESTLKNVPQVVNVQELKNNPATPSTAMG	SSVPYSTAKTPHPVLTPVAANQAKQGSLINSLKPSGPTPASGQLSSGDKASGTAKIETAVTSTPSASGQFSKPFSFSPSGTGFNFGIITPTPSSNFTAAQGATPSTKESSQPDAFSSGGGSKPSYEAIPESSPPSGITSASNTTPGEPAASSSRPVAPSGTALSTTSSKLETPPSKLGELLFPSSLAGETLGSFSGLRVGQADDSTKPTNKASSTSLTSTQPTKTSGVPSGFNFTAPPVLGKHTEPPVTSSATTTSVAPPAATSTSSTAVFGSLPVTSAGSSGVISFGGTSLSAGKTSFSFGSQQTNSTVPPSAPPPTTAATPLPTSFPTLSFGSLLSSATTPSLPMSAGRSTEEATSSALPEKPGDSEVSASAASLLEEQQSAQLPQAPPQTSDSVKKEPVLAQPAVSNSGTAASSTSLVALSAEATPATTGVPDARTEAVPPASSFSVPGQTAVTAAAISSAGPVAVETSSTPIASSTTSIVAPGPSAEAAAFGTVTSGSSVFAQPPAASSSSAFNQLTNNTATAPSATPVFGQVAASTAPSLFGQQTGSTASTAAATPQVSSSGFSSPAFGTTAPGVFGQTTFGQASVFGQSASSAASVFSFSQPGFSSVPAFGQPASSTPTSTSGSVFGAASSTSSSSSFSFGQSSPNTGGGLFGQSNAPAFGQSPGFGQGGSVFGGTSAATTTAATSGFSFCQASGFGSSNTGSVFGQAASTGGIVFGQQSSSSSGSVFGSGNTGRGGGFFSGLGGKPSQDAANKNPFSSASGGFGSTATSNTSNLFGNSGAKTFGGFASSSFGEQKPTGTFSSGGGSVASQGFGFSSPNKTGGFGAAPVFGSPPTFGGSPGFGGVPAFGSAPAFTSPLGSTGGKVFGEGTAAASAGGFGFGSSSNTTSFGTLASQNAPTFGSLSQQTSGFGTQSSGFSGFGSGTGGFSFGSNNSSVQGFGGWRS
SMCHD1	RPL7AP57(101411),NDUFB11P1(72732)	18	11	2707920	92263300	+	-	+	.	translocation	CDS/splice-site	intergenic	ENST00000320876	.	out-of-frame	4	ENSP00000326603		MAAADGGGPGGASVGTEEDGGGVGHRTVYLFDRREKESELGDRPLQVGERSDYAGFRACVCQTLGISPEEKFVITTTSRKEITCDNFDETVKDGVTLYLLQSVNQLLLTATKERIDFLPHYDTLVKSGMYEYYASEGQNPLPFALAELIDNSLSATSRNIGVRRIQIKLLFDETQGKPAVAVIDNGRGMTSKQLNNWAVYRLSKFTRQGDFESDHSGYVRPVPVPRSLNSDISYFGVGGKQAVFFVGQSARMISKPADSQDVHELVLSKEDFEKKEKNKEAIYSGYIRNRKPSDSVHITNDDERFLHHLIIEEKEKDSFTAVVITGVQPEHIQYLKNYFHLWTRQLAHIYHYYIHGPKGNEIRTSKEVEPFNNIDIEISMFEKGKVPKIVNLREIQDDMQTLYVNTAADSFEFKAHVEGDGVVEGIIRYHPFLYDRETYPDDPCFPSKLKDEDDEDDCFILEKAARGKRPIFECFWNGRLIPYTSVEDFDWCTPPKKRGLAPIECYNRISGALFTNDKFQVSTNKLTFMDLELKLKDKNTLFTRILNGQEQRMKIDREFALWLKDCHEKYDKQIKFTLFKGVITRPDLPSKKQGPWATYAAIEWDGKIYKAGQLVKTIKTLPLFYGSIVRFFLYGDHDGEVYATGGEVQIAMEPQALYDEVRTVPIAKLDRTVAEKAVKKYVEDEMARLPDRLSVTWPEGDELLPNEVRPAGTPIGALRIEILNKKGEAMQKLPGTSHGGSKKLLVELKVILHS	SSGNKEIISHISQHGGKWPYWFKKMENIQKLGNYTLKLQVVLNESNADTYAGRPLPSKAIKFSVKEGKPEKFSFGLLDLPFRVGVPFNIPLEFQDEFGHTSQLVTDIQPVLEASGLSLHYEEITKGPNCVIRGVTAKGPVNSCQGKNYNLKVTLPGLKEDSQILKIRLLPGHPRRLKVKPDSEILVIENGTAFPFQVEVLDESDNITAQPKLIVHCKFSGAPNLPVYVVDCSSSGTSILTGSAIQVQNIKKDQTLKARIEIPSCKDVAPVEKTIKLLPSSHVARLQIFSVEGQKAIQIKHQDEVNWIAGDIMHNLIFQMYDEGEREINITSALAEKIKVNWTPEINKEHLLQGLLPDVQVPTSVKDMRYCQVSFQDDHVSLESAFTVRPLPDEPKHLKCEMKGGKTVQMGQELQGEVVIIITDQYGNQIQAFSPSSLSSLSIAGVGLDSSNLKTTFQENTQSISVRGIKFIPGPPGNKDLCFTWREFSDFIRVQLISGPPAKLLLIDWPELKESIPVINGRDLQNPIIVQLCDQWDNPAPVQHVKISLTKASNLKLMPSNQQHKTDEKGRANLGVFSVFAPRGEHTLQVKAIYNKSIIEGPIIKLMILPDPEKPVRLNVKYDKDASFLAGGLFTDFMISVISEDDSIIKNINPARISMKMWKLSTSGNRPPANAETFSCNKIKDNDKEDGCFYFRDKVIPNKVGTYCIQFGFMMDKTNILNSEQVIVEVLPNQPVKLVPKIKPPTPAVSNVRSVASRTLVRDLHLSITDDYDNHTGIDLVGTIIATIKGSNEEDTDTPLFIGKVRTLEFPFVNGSAEIMSLVLAESSPGRDSTEYFIVFEPRLPLLSRTLEPYILPFMFYNDVKKQQQMAALTKEKDQLSQSIVMYKSLFEASQQLLNEMKCQVEEARLKEAQLRNELKIHNIDIPTTQQVPHIEALLKRKLSEQEELKKKPRRSCTLPNYTKGSGDVLGKIAHLAQIEDDRAAMVISWHLASDMDCVVTLTTDAARRIYDETQGRQQVLPLDSIYKKTLPDWKRSLPHFRNGKLYFKPIGDPVFARDLLTFPDNVEHCETVFGMLLGDTIILDNLDAANHYRKEVVKITHCPTLLTRDGDRIRSNGKFGGLQNKAPPMDKLRGMVFGAPVPKQCLILGEQIDLLQQYRSAVCKLDSVNKDLNSQLEYLRTPDMRKKKQELDEHEKNLKLIEEKLGMTPIRKCNDSLRHSPKVETTDCPVPPKRMRREATRQNRIITKTDV	.	.
PPP1R12A	SEPTIN10	12	2	79817394	109585838	-	-	-	-	translocation	CDS/splice-site	CDS/splice-site	ENST00000261207	ENST00000397712	in-frame	5	ENSP00000261207	ENSP00000380824	MKMADAKQKRNEQLKRWIGSETDLEPPVVKRQKTKVKFDDGAVFLAACSSGDTDEVLKLLHRGADINYANVDGLTALHQACIDDNVDMVKFLVENGANINQPDNEGWIPLHAAASCGYLDIAEFLIGQGAHVGAVNSEGDTPLDIAEEEAMEELLQNEVNRQGVDIEAARKEEERIMLRDARQWLNSGHINDVRHAKSGGTALHVAAAKGYTEVLKLLIQAGYDVNIKDYDGWTPLHAAAHWGKEEACRILVDNLCDMEMVNKVGQTAFDVADEDILGYLEELQKKQNLLHSEKRDKKSPLIESTANMDNNQSQKTFKNKETLIIEPEKNASRIESLEQEKVDEEEEGKKDESSCSSEEDEEDDSESEAETDKTKPLASVTNANTSSTQAAPVAVTTPTVSSGQATPTSPIKK	FPTTATKISPKEEERKDESPATWRLGLRKTGSYGALAEITASKEGQKEKDTAGVTRSASSPRLSSSLDNKEKEKDSKGTRLAYVAPTIPRRLASTSDIEEKENRDSSSLRTSSSYTRRKWEDDLKKNSSVNEGSTYHKSCSFGRRQDDLISSSVPSTTSTPTVTSAAGLQKSLLSSTSTTTKITTGSSSAGTQSSTSNRLWAEDSTEKEKDSVPTAVTIPVAPTVVNAAASTTTLTTTTAGTVSSTTEVRERRRSYLTPVRDEESESQRKARSRQARQSRRSTQGVTLTDLQEAEKTIGRSRSTRTREQENEEKEKEEKEKQDKEKQEEKKESETSREDEYKQKYSRTYDETYQRYRPVSTSSSTTPSSSLSTMSSSLYASSQLNRPNSLVGITSAYSRGITKENEREGEKREEEKEGEDKSQPKSIRERRRPREKRRSTGVSFWTQDSDENEQEQQSDTEEGSNKKETQTDSISRYETSSTSAGDRYDSLLGRSGSYSYLEERKPYSSRLEKDDSTDFKKLYEQILAENEKLKAQLHDTNMELTDLKLQLEKATQRQERFADRSLLEMEKRERRALERRISEMEEELKMLPDLKADNQRLKDENGALIRVISKLSK	MASSEVARHLLFQSHMATKTTCMSSQGSDDEQIK	RENIRSLTMSGHVGFESLPDQLVNRSIQQGFCFNILCVGETGIGKSTLIDTLFNTNFEDYESSHFCPNVKLKAQTYELQESNVQLKLTIVNTVGFGDQINKEESYQPIVDYIDAQFEAYLQEELKIKRSLFTYHDSRIHVCLYFISPTGHSLKTLDLLTMKNLDSKVNIIPVIAKADTVSKTELQKFKIKLMSELVSNGVQIYQFPTDDDTIAKVNAAMNGQLPFAVVGSMDEVKVGNKMVKARQYPWGVVQVENENHCDFVKLREMLICTNMEDLREQTHTRHYELYRRCKLEEMGFTDVGPENKPVSVQETYEAKRHEFHGERQRKEEEMKQMFVQRVKEKEAILKEAERELQAKFEHLKRLHQEERMKLEEKRRLLEEEIIAFSKKKATSEIFHSQSFLATGSNLRKDKDRKNSNFL
RNU6ATAC(835),BX649601.1(3370)	CACNA1B	9	9	134165399	137956771	+	+	.	+	deletion	intergenic	CDS/splice-site	.	ENST00000371372	.	6		ENSP00000360423	.	.	MVRFGDELGGRYGGPGGGERARGGGAGGAGGPGPGGLQPGQRVLYKQSIAQRARTMALYNPIPVKQNCFTVNRSLFVFSEDNVVRKYAKRITEWPPFEYMILATIIANCIVLALEQHLPDGDKTPMSERLDDTEPYFIGIFCFEAGIKIIALGFVFHKGSYLRNGWNVMDFVVVLTGILATAGTDFDLRTLRAVRVLRPLKLVSGIPSLQVVLKSIMKAMVPLLQIGLLLFFAILMFAIIGLEFYMGKFHKACFPNSTDAEPVGDFPCGKEAPARLCEGDTECREYWPGPNFGITNFDNILFAILTVFQCITMEGWTDILYNTNDAAGNTWNWLYFIPLIIIGSFFMLNLVLGVLSGEFAKERERVENRRAFLKLRRQQQIERELNGYLEWIFKAE	EVMLAEEDRNAEEKSPLDVLKRAATKKSRNDLIHAEEGEDRFADLCAVGSPFARASLKSGKTESSSYFRRKEKMFRFFIRRMVKAQSFYWVVLCVVALNTLCVAMVHYNQPRRLTTTLYFAEFVFLGLFLTEMSLKMYGLGPRSYFRSSFNCFDFGVIVGSVFEVVWAAIKPGSSFGISVLRALRLLRIFKVTKYWSSLRNLVVSLLNSMKSIISLLFLLFLFIVVFALLGMQLFGGQFNFQDETPTTNFDTFPAAILTVFQILTGEDWNAVMYHGIESQGGVSKGMFSSFYFIVLTLFGNYTLLNVFLAIAVDNLANAQELTKDEEEMEEAANQKLALQKAKEVAEVSPMSAANISIAARQQNSAKARSVWEQRASQLRLQNLRASCEALYSEMDPEERLRFATTRHLRPDMKTHLDRPLVVELGRDGARGPVGGKARPEAAEAPEGVDPPRRHHRHRDKDKTPAAGDQDRAEAPKAESGEPGAREERPRPHRSHSKEAAGPPEARSERGRGPGPEGGRRHHRRGSPEEAAEREPRRHRAHRHQDPSKECAGAKGERRARHRGGPRAGPREAESGEEPARRHRARHKAQPAHEAVEKETTEKEATEKEAEIVEADKEKELRNHQPREPHCDLETSGTVTVGPMHTLPSTCLQKVEEQPEDADNQRNVTRMGSQPPDPNTIVHIPVMLTGPLGEATVVPSGNVDLESQAEGKKEVEADDVMRSGPRPIVPYSSMFCLSPTNLLRRFCHYIVTMRYFEVVILVVIALSSIALAAEDPVRTDSPRNNALKYLDYIFTGVFTFEMVIKMIDLGLLLHPGAYFRDLWNILDFIVVSGALVAFAFSGSKGKDINTIKSLRVLRVLRPLKTIKRLPKLKAVFDCVVNSLKNVLNILIVYMLFMFIFAVIAVQLFKGKFFYCTDESKELERDCRGQYLDYEKEEVEAQPRQWKKYDFHYDNVLWALLTLFTVSTGEGWPMVLKHSVDATYEEQGPSPGYRMELSIFYVVYFVVFPFFFVNIFVALIIITFQEQGDKVMSECSLEKNERACIDFAISAKPLTRYMPQNRQSFQYKTWTFVVSPPFEYFIMAMIALNTVVLMMKFYDAPYEYELMLKCLNIVFTSMFSMECVLKIIAFGVLNYFRDAWNVFDFVTVLGSITDILVTEIAETNNFINLSFLRLFRAARLIKLLRQGYTIRILLWTFVQSFKALPYVCLLIAMLFFIYAIIGMQVFGNIALDDDTSINRHNNFRTFLQALMLLFRSATGEAWHEIMLSCLSNQACDEQANATECGSDFAYFYFVSFIFLCSFLMLNLFVAVIMDNFEYLTRDSSILGPHHLDEFIRVWAEYDPAACGRISYNDMFEMLKHMSPPLGLGKKCPARVAYKRLVRMNMPISNEDMTVHFTSTLMALIRTALEIKLAPAGTKQHQCDAELRKEISVVWANLPQKTLDLLVPPHKPDEMTVGKVYAALMIFDFYKQNKTTRDQMQQAPGGLSQMGPVSLFHPLKATLEQTQPAVLRGARVFLRQKSSTSLSNGGAIQNQESGIKESVSWGTQRTQDAPHEARPPLERGHSTEIPVGRSGALAVDVQMQSITRRGPDGEPQPGLESQGRAASMPRLAAETQPVTDASPMKRSISTLAQRPRGTHLCSTTPDRPPPSQASSHHHHHRCHRRRDRKQRSLEKGPSLSADMDGAPSSAVGPGLPPGEGPTGCRRERERRQERGRSQERRQPSSSSSEKQRFYSCDRFGGREPPKPKPSLSSHPTSPTAGQEPGPHPQGSGSVNGSPLLSTSGASTPGRGGRRQLPQTPLTPRPSITYKTANSSPIHFAGAQTSLPAFSPGRLSRGLSEHNALLQRDPLSQPLAPGSRIGSDPYLGQRLDSEASVHALPEDTLTFEEAVATNSGRSSRTSYVSSLTSQSHPLRRVPNGYHCTLGLSSGGRARHSYHHPDQDHWC
C5	LINC02872	9	9	120957285	87156573	-	+	-	+	inversion	CDS/splice-site	exon/splice-site	ENST00000223642	ENST00000623052	out-of-frame	7	ENSP00000223642		MGLLGILCFLIFLGKTWGQEQTYVISAPKIFRVGASENIVIQVYGYTEAFDATISIKSYPDKKFSYSSGHVHLSSENKFQNSAILTIQPKQLPGGQNPVSYVYLEVVSKHFSKSKRMPITYDNGFLFIHTDKPVYTPDQSVKVRVYSLNDDLKPAKRETVLTFIDPEGSEVDMVEEIDHIGIISFPDFKIPSNPRYGMWTIKAKYKEDFSTTGTAYFEVKEYVLPHFSVSIEPEYNFIGYKNFKNFEITIKARYFYNKVVTEADVYITFGIREDLKDDQKEMMQTAMQNTMLINGIAQVTFDSETAVKELSYYSLEDLNNKYLYIAVTVIESTGGFSEEAEIPGIKYVLSPYKLNLVATPLFLKPGIPYPIKVQVKDSLDQLVGGVPVTLNAQTIDVNQETSDLDPSKSVTRVDDGVASFVLNLPSGVTVLEFNVKTDAPDLPEENQAREGYRAIAYSSLSQSYLYIDWTDNHKALLVGEHLNIIVTPKSPYIDKITHYNYLILSKGKIIHFGTREKFSDASYQSINIPVTQNMVPSSRLLVYYIVTGEQTAELVSDSVWLNIEEKCGNQLQVHLSPDADAYSPGQTVSLNMATGMDSWVALAAVDSAVYGVQRGAKKPLERVFQFLEKSDLGCGAGGGLNNANVFHLAGLTFLTNANADDSQENDEPCKEILRPRRTLQKKIEEIAAKYKHSVVKKCCYDGACVNNDETCEQRAARISLGPRCIKAFTECCVVASQLRANISHKDMQLGRLHMKTLLPVSKPEIRSYFPESWLWEVHLVPRRKQLQFALPDSLTTWEIQGVGISNTGICVADTVKAKVFKDVFLEMNIPYSVVRGEQIQLKGTVYNYRTSGMQFCVKMSAVEGICTSESPVIDHQGTKSSKCVRQKVEGSSSHLVTFTVLPLEIGLHNINFSLETWFGKEILVKTLRVVPEGVKRESYSGVTLDPRGIYGTISRRKEFPYRIPLDLVPKTEIKRILSVKGLLVGEILSAVLSQEGINILTHLPKGSAEAELMSVVPVFYVFHYLETGNHWNIFHSDPLIEKQKLKKKLKEGMLSIMSYRNADYSYSVWKGGSASTWLTAFALRVLGQVNKYVEQNQNSICNSLLWLVENYQLDNGSFKENSQYQPIKLQGTLPVEARENSLYLTAFTVIGIRKAFDICPLVKIDTALIKADNFLLENTLPAQSTFTLAISAYALSLGDKTHPQFRSIVSALKREALVKGNPPIYRFWKDNLQHKDSSVPNTGTARMVETTAYALLTSLNLKDINYVNPVIKWLSEEQRYGGGFYSTQDTINAIEGLTEYSLLVKQLRLSMDIDVSYKHKGALHNYKMTDKNFLGRPVEVLLNDDLIVSTGFGSGLATVHVTTVVHKTSTSEEVCSFYLKIDTQDIEASHYRGYGNSDYKRIVACASYKPSREESSSGSSHAVMDISLPTGISANEEDLKALVEGVDQLFTDYQIKDGHVILQLNSIPSSDFLCVRFRIFELFEVGFLSPATFTVYEYHRPDKQCTMFYSTSNIKIQKVCEGAACKCVEADCGQMQEELDLTISAETRKQTACKPEIAYAYKVSITSITVENVFVKYKATLLDIYKTG	EAVAEKDSEITFIKKVTCTNAELVKGRQYLIMGKEALQIKYNFSFRYIYPLDSLTWIEYWPRDTTCSSCQAFLANLDEFAEDIFLNGC	.	.
WASF3	COL5A1	13	9	26613058	134822998	+	+	+	+	translocation	5'UTR/splice-site	CDS/splice-site	ENST00000335327	ENST00000371817	.	8	ENSP00000335055	ENSP00000360882	.	.	MDVHTRWKARSALRPGAPLLPPLLLLLLWAPPPSRAAQPADLLKVLDFHNLPDGITKTTGFCATRRSSKGPDVAYRVTKDAQLSAPTKQLYPASAFPEDFSILTTVKAKKGSQAFLVSIYNEQGIQQIGLELGRSPVFLYEDHTGKPGPEDYPLFRGINLSDGKWHRIALSVHKKNVTLILDCKKKTTKFLDRSDHPMIDINGIIVFGTRILDEEVFEGDIQQLLFVSDHRAAYDYCEHYSPDCDTAVPDTPQSQDPNPDEYYTEGDGEGETYYYEYPYYEDPEDLGKEPTPSKKPVEAAKETTEVPEELTPTPTEAAPMPETSEGAGKEEDVGIGDYDYVPSEDYYTPSPYDDLTYGEGEENPDQPTDPGAGAEIPTSTADTSNSSNPAPPPGEGADDLEGEFTEETIRNLDENYYDPYYDPTSSPSEIGPGMPANQDTIYEGIGGPRGEKGQKGEPAIIEPGMLIEGPPGPEGPAGLPGPPGTMGPTGQVGDPGERGPPGRPGLPGADGLPGPPGTMLMLPFRFGGGGDAGSKGPMVSAQESQAQAILQQARLALRGPAGPMGLTGRPGPVGPPGSGGLKGEPGDVGPQGPRGVQGPPGPAGKPGRRGRAGSDGARGMPGQTGPKGDRGFDGLAGLPGEKGHRGDPGPSGPPGPPGDDGERGDDGEVGPRGLPGEPGPRGLLGPKGPPGPPGPPGVTGMDGQPGPKGNVGPQGEPGPPGQQGNPGAQGLPGPQGAIGPPGEKGPLGKPGLPGMPGADGPPGHPGKEGPPGEKGGQGPPGPQGPIGYPGPRGVKGADGIRGLKGTKGEKGEDGFPGFKGDMGIKGDRGEIGPPGPRGEDGPEGPKGRGGPNGDPGPLGPPGEKGKLGVPGLPGYPGRQGPKGSIGFPGFPGANGEKGGRGTPGKPGPRGQRGPTGPRGERGPRGITGKPGPKGNSGGDGPAGPPGERGPNGPQGPTGFPGPKGPPGPPGKDGLPGHPGQRGETGFQGKTGPPGPPGVVGPQGPTGETGPMGERGHPGPPGPPGEQGLPGLAGKEGTKGDPGPAGLPGKDGPPGLRGFPGDRGLPGPVGALGLKGNEGPPGPPGPAGSPGERGPAGAAGPIGIPGRPGPQGPPGPAGEKGAPGEKGPQGPAGRDGLQGPVGLPGPAGPVGPPGEDGDKGEIGEPGQKGSKGDKGEQGPPGPTGPQGPIGQPGPSGADGEPGPRGQQGLFGQKGDEGPRGFPGPPGPVGLQGLPGPPGEKGETGDVGQMGPPGPPGPRGPSGAPGADGPQGPPGGIGNPGAVGEKGEPGEAGEPGLPGEGGPPGPKGERGEKGESGPSGAAGPPGPKGPPGDDGPKGSPGPVGFPGDPGPPGEPGPAGQDGPPGDKGDDGEPGQTGSPGPTGEPGPSGPPGKRGPPGPAGPEGRQGEKGAKGEAGLEGPPGKTGPIGPQGAPGKPGPDGLRGIPGPVGEQGLPGSPGPDGPPGPMGPPGLPGLKGDSGPKGEKGHPGLIGLIGPPGEQGEKGDRGLPGPQGSSGPKGEQGITGPSGPIGPPGPPGLPG	PPGPKGAKGSSGPTGPKGEAGHPGPPGPPGPPGEVIQPLPIQASRTRRNIDASQLLDDGNGENYVDYADGMEEIFGSLNSLKLEIEQMKRPLGTQQNPARTCKDLQLCHPDFPDGEYWVDPNQGCSRDSFKVYCNFTAGGSTCVFPDKKSEGARITSWPKENPGSWFSEFKRGKLLSYVDAEGNPVGVVQMTFLRLLSASAHQNVTYHCYQSVAWQDAATGSYDKALRFLGSNDEEMSYDNNPYIRALVDGCATKKGYQKTVLEIDTPKVEQVPIVDIMFNDFGEASQKFGFEVGPACFMG
NSD2	OR7E43P(8261),OTOP1(5227)	4	4	1904378	4183499	+	-	+	.	inversion	CDS/splice-site	intergenic	ENST00000508803	.	out-of-frame	9	ENSP00000423972		MEFSIKQSPLSVQSVVKCIKMKQAPEILGSANGKTPSCEVNRECSVFLSKAQLSSSLQEGVMQKFNGHDALPFIPADKLKDLTSRVFNGEPGAHDAKLRFESQEMKGIGTPPNTTPIKNGSPEIKLKITKTYMNGKPLFESSICGDSAADVSQSEENGQKPENKARRNRKRSIKYDSLLEQGLVEAALVSKISSPSDKKIPAKKESCPNTGRDKDHLLKYNVGDLVWSKVSGYPWWPCMVSADPLLHSYTKLKG	QKKSARQYHVQFFGDAPERAWIFEKSLVAFEGEGQFEKLCQESAKQAPTKAEKIKLLKPISGKLRAQWEMGIVQAEEAASMSVEERKAKFTFLYVGDQLHLNPQVAKEAGIAAESLGEMAESSGVSEEAAENPKSVREECIPMKRRRRAKLCSSAETLESHPDIGKSTPQKTAEADPRRGVGSPPGRKKTTVSMPRSRKGDAASQFLVFCQKHRDEVVAEHPDASGEEIEELLRSQWSLLSEKQRARYNTKFALVAPVQAEEDSGNVNGKKRNHTKRIQDPTEDAEAEDTPRKRLRTDKHSLRKRDTITDKTARTSSYKAMEAASSLKSQAATKNLSDACKPLKKRNRASTAASSALGFSKSSSPSASLTENEVSDSPGDEPSESPYESADETQTEVSVSSKKSERGVTAKKEYVCQLCEKPGSLLLCEGPCCGAFHLACLGLSRRPEGRFTCSECASGIHSCFVCKESKTDVKRCVVTQCGKFYHEACVKKYPLTVFESRGFRCPLHSCVSCHASNPSNPRPSKGKMMRCVRCPVAYHSGDACLAAGCSVIASNSIICTAHFTARKGKRHHAHVNVSWCFVCSKGGSLLCCESCPAAFHPDCLNIEMPDGSWFCNDCRAGKKLHFQDIIWVKLGNYRWWPAEVCHPKNVPPNIQKMKHEIGEFPVFFFGSKDYYWTHQARVFPYMEGDRGSRYQGVRGIGRVFKNALQEAEARFREIKLQREARETQESERKPPPYKHIKVNKPYGKVQIYTADISEIPKCNCKPTDENPCGFDSECLNRMLMFECHPQVCPAGEFCQNQCFTKRQYPETKIIKTDGKGWGLVAKRDIRKGEFVNEYVGELIDEEECMARIKHAHENDITHFYMLTIDKDRIIDAGPKGNYSRFMNHSCQPNCETLKWTVNGDTRVGLFAVCDIPAGTELTFNYNLDCLGNEKTVCRCGASNCSGFLGDRPKTSTTLSSEEKGKKTKKKTRRRRAKGEGKRQSEDECFRCGDGGQLVLCDRKFCTKAYHLSCLGLGKRPFGKWECPWHHCDVCGKPSTSFCHLCPNSFCKEHQDGTAFSCTPDGRSYCCEHDLGAASVRSTKTEKPPPEPGKPKGKRRRRRGWRRVTEGK	.	.
FRG1GP	ERG	22	21	12604739	38631010	+	+	+	-	translocation/5'-5'	exon/splice-site	intron	ENST00000634617	.	.	10			.	.	.	.
INIP	C5	9	9	112716461	120957368	-	-	-	-	duplication	CDS/splice-site	CDS/splice-site	ENST00000374242	ENST00000480188	out-of-frame	11	ENSP00000363360		MAANSSGQG	FQNKNRVAILAELDKEKRKLLMQNQSSTNHPGASIALSRPSLNKDFRDHAEQQHIAAQQKAALQHAHAHSSGYFITQDSAFGNLILPVLPRLDPE	.	.
INIP	CDC26	9	9	112716461	113256548	-	-	-	-	duplication	CDS/splice-site	exon/splice-site	ENST00000374242	ENST00000490408	out-of-frame	12	ENSP00000363360		MAANSSGQG	FQNKNRVAILAELDKEKRKLLMQNQSSTNHPGASIALSRPSLNKDFRDHAEQQHIAAQQKAALQHAHAHSSGYFITQDSAFGNLILPVLPRLDPE	.	.
AC093523.1	C9orf129	5	9	68871608	93335309	.	.	-	-	translocation	intron	intron	.	.	.	13			.	.	.	.
URM1	ATP8A2	9	13	128384489	25729619	+	+	+	+	translocation	intron	intron	.	.	.	14			.	.	.	.
EHMT1	NTNG2	9	9	137619049	132197966	+	+	+	+	duplication	CDS/splice-site	CDS/splice-site	ENST00000460843	ENST00000393229	in-frame	15	ENSP00000417980	ENSP00000376921	MAAADAE	AVPARGEPQQDCCVKTELLGEETPMAADEGSAEKQAGEAHMAADGETNGSCENSDASSHANAAKHTQDSARVNPQDGTNTLTRIAENGVSERDSEAAKQNHVTADDFVQTSVIGSNGYILNKPALQAQPLRTTSTLASSLPGHAAKTLPGGAGKGRTPSAFPQTPAAPPATLGEGSADTEDRKLPAPGADVKVHRARKTMPKSVVGLHAASKDPREVREARDHKEPKEEINKNISDFGRQQLLPPFPSLHQSLPQNQCYMATTKSQTACLPFVLAAAVSRKKKRRMGTYSLVPKKKTKVLKQRTVIEMFKSITHSTVGSKGEKDLGASSLHVNGESLEMDSDEDDSEELEEDDGHGAEQAAAFPTEDSRTSKESMSEADRAQKMDGESEEEQESVDTGEEEEGGDESDLSSESSIKKKFLKRKGKTDSPWIKPARKRRRRSRKKPSGALGSESYKSSAGSAEQTAPGDSTGYMEVSLDSLDLRVKGILSSQAEGLANGPDVLETDGLQEVPLCSCRMETPKSREITTLANNQCMATESVDHELGRCTNSVVKYELMRPSNKAPLLVLCEDHRGRMVKHQCCPGCGYFCTAGNFMECQPESSISHRFHKDCASRVNNASYCPHCGEESSKAKEVTIAKADTTSTVTPVPGQEKGSALEGRADTTTGSAAGPPLSEDDKLQGAASHVPEGFDPTGPAGLGRPTPGLSQGPGKETLESALIALDSEKPKKLRFHPKQLYFSARQGELQKVLLMLVDGIDPNFKMEHQNKRSPLHAAAEAGHVDICHMLVQAGANIDTCSEDQRTPLMEAAENNHLEAVKYLIKAGALVDPKDAEGSTCLHLAAKKGHYEVVQYLLSNGQMDVNCQDDGGWTPMIWATEYKHVDLVKLLLSKGSDINIRDNEENICLHWAAFSGCVDIAEILLAAKCDLHAVNIHGDSPLHIAARENRYDCVVLFLSRDSDVTLKNKEGETPLQCASLNSQVWSALQMSKALQDSAPDRPSPVERIVSRDIARGYERIPIPCVNAVDSEPCPSNYKYVSQNCVTSPMNIDRNITHLQYCVCIDDCSSSNCMCGQLSMRCWYDKDGRLLPEFNMAEPPLIFECNHACSCWRNCRNRVVQNGLRARLQLYRTRDMGWGVRSLQDIPPGTFVCEYVGELISDSEADVREEDSYLFDLDNKDGEVYCIDARFYGNVSRFINHHCEPNLVPVRVFMAHQDLRFPRIAFFSTRLIEAGEQLGFDYGERFWDIKGKLFSCRCGSPKCRHSSAALAQRQASAAQEAQEDGLPDTSSAAAADPL	MLHLLALFLHCLPLASGDYDICKSWVTTDEGPTWEFYACQPKVMRLKDYVKVKVEPSGITCGDPPERFCSHE	NPYLCSNECDASNPDLAHPPRLMFDKEEEGLATYWQSITWSRYPSPLEANITLSWNKTVELTDDVVMTFEYGRPTVMVLEKSLDNGRTWQPYQFYAEDCMEAFGMSARRARDMSSSSAHRVLCTEEYSRWAGSKKEKHVRFEVRDRFAIFAGPDLRNMDNLYTRLESAKGLKEFFTLTDLRMRLLRPALGGTYVQRENLYKYFYAISNIEVIGRCKCNLHANLCSMREGSLQCECEHNTTGPDCGKCKKNFRTRSWRAGSYLPLPHGSPNACATAGSFGNCECYGHSNRCSYIDFLNVVTCVSCKHNTRGQHCQHCRLGYYRNGSAELDDENVCIECNCNQIGSVHDRCNETGFCECREGAAGPKCDDCLPTHYWRQGCYPNVCDDDQLLCQNGGTCLQNQRCACPRGYTGVRCEQPRCDPADDDGGLDCDRAPGAAPRPATLLGCLLLLGLAARLGR
ZNF676	ZNF536	19	19	22181580	30250113	-	-	-	+	duplication/5'-5'	CDS	intron	ENST00000650058	.	.	16	ENSP00000497897		MGALTFRDVAIEFSLEEWQCLDSTQQNLYRNVMLENYRNLVFLGIAAFKPDLIIFLEQGKEPWNMKRHEMVEEPPVIC	SHFSQEFWPEQGIEDSFQKMILRRYDKCGHENLHLKISCTNVDECNVHKEGYNKLNQSLTTTQSKVFQCGKYANVFHKCSNSNRHKIRHTGEKGLKCKEYVRSFCMLSHLSQHERIYTRENSYKCEENGKAFNWSSTLTYYKSIHTGEKPYKCEECGKAFSKFSILTKHKVIHTGEKPYKCEECGKAFNRSSILTKHKIIHTGEKPYKCEECGKGFSSVSTLNTHKAIHAEEKPYKCEECGKASNSSSKLMEHKRIHTGEKPYKCEECGKAFSWSSSLTEHKRIHAGEKPYKCEECGKAFNRSSILTKHKIIHTGEKPYKCEGCGKAFSKVSTLNTHKAIHAEEKPYKCEECGKASNSSSKLMEHKRIHTGEKPYKCEECGKAFSWSSSLTEHKRIHAGEKPYKCEECGKAFTWSSSFTKHKRIHAAEKPYKCEECGKGFSTFSILTKHKIIHTGEKRYKCEECGKAFSWSSILTEHKIIHTGEKPYKCEECGKAFSRSSSLTRHKRIHTGEKPYKCEECGKAFKSSSTVSYHKKIHTGENP	.	.
C5	FAM120A	9	9	120957329	93527154	-	+	-	+	inversion	CDS	intron	ENST00000223642	ENST00000277165	.	17	ENSP00000223642	ENSP00000277165	MGLLGILCFLIFLGKTWGQEQTYVISAPKIFRVGASENIVIQVYGYTEAFDATISIKSYPDKKFSYSSGHVHLSSENKFQNSAILTIQPKQLPGGQNPVSYVYLEVVSKHFSKSKRMPITYDNGFLFIHTDKPVYTPDQSVKVRVYSLNDDLKPAKRETVLTFIDPEGSEVDMVEEIDHIGIISFPDFKIPSNPRYGMWTIKAKYKEDFSTTGTAYFEVKEYVLPHFSVSIEPEYNFIGYKNFKNFEITIKARYFYNKVVTEADVYITFGIREDLKDDQKEMMQTAMQNTMLINGIAQVTFDSETAVKELSYYSLEDLNNKYLYIAVTVIESTGGFSEEAEIPGIKYVLSPYKLNLVATPLFLKPGIPYPIKVQVKDSLDQLVGGVPVTLNAQTIDVNQETSDLDPSKSVTRVDDGVASFVLNLPSGVTVLEFNVKTDAPDLPEENQAREGYRAIAYSSLSQSYLYIDWTDNHKALLVGEHLNIIVTPKSPYIDKITHYNYLILSKGKIIHFGTREKFSDASYQSINIPVTQNMVPSSRLLVYYIVTGEQTAELVSDSVWLNIEEKCGNQLQVHLSPDADAYSPGQTVSLNMATGMDSWVALAAVDSAVYGVQRGAKKPLERVFQFLEKSDLGCGAGGGLNNANVFHLAGLTFLTNANADDSQENDEPCKEILRPRRTLQKKIEEIAAKYKHSVVKKCCYDGACVNNDETCEQRAARISLGPRCIKAFTECCVVASQLRANISHKDMQLGRLHMKTLLPVSKPEIRSYFPESWLWEVHLVPRRKQLQFALPDSLTTWEIQGVGISNTGICVADTVKAKVFKDVFLEMNIPYSVVRGEQIQLKGTVYNYRTSGMQFCVKMSAVEGICTSESPVIDHQGTKSSKCVRQKVEGSSSHLVTFTVLPLEIGLHNINFSLETWFGKEILVKTLRVVPEGVKRESYSGVTLDPRGIYGTISRRKEFPYRIPLDLVPKTEIKRILSVKGLLVGEILSAVLSQEGINILTHLPKGSAEAELMSVVPVFYVFHYLETGNHWNIFHSDPLIEKQKLKKKLKEGMLSIMSYRNADYSYSVWKGGSASTWLTAFALRVLGQVNKYVEQNQNSICNSLLWLVENYQLDNGSFKENSQYQPIKLQGTLPVEARENSLYLTAFTVIGIRKAFDICPLVKIDTALIKADNFLLENTLPAQSTFTLAISAYALSLGDKTHPQFRSIVSALKREALVKGNPPIYRFWKDNLQHKDSSVPNTGTARMVETTAYALLTSLNLKDINYVNPVIKWLSEEQRYGGGFYSTQDTINAIEGLTEYSLLVKQLRLSMDIDVSYKHKGALHNYKMTDKNFLGRPVEVLLNDDLIVSTGFGSGLATVHVTTVVHKTSTSEEVCSFYLKIDTQDIEASHYRGYGNSDYKRIVACASYKPSREESSSGSSHAVMDISLPTGISANEEDLKALVEGVDQLFTDYQIKDGHVILQLNSIPSSDFLCVRFRIFELFEVGFLSPATFTVYEYHRPDKQCTMFYSTSNIKIQKVCEGAACKCVEADCGQMQEELDLTISAETRKQTACKPEIAYAYKVSITSITVENV	FVKYKATLLDIYKTGEAVAEKDSEITFIKKVTCTNAELVKGRQYLIMGKEALQIKYNFSFRYIYPLDSLTWIEYWPRDTTCSSCQAFLANLDEFAEDIFLNGC	.	.
CENPX	DUS1L	17	17	82022826	82065069	-	-	-	-	duplication	CDS/splice-site	5'UTR/splice-site	ENST00000306704	ENST00000306796	out-of-frame	18	ENSP00000302951	ENSP00000303515	MEGAGAGSGFRK	ELVSRLLHLHFKDDKTKEAAVRGVRQAQAEDALRVDVDQLEKVLPQLLLDF	.	.
